
{
  "format_version": "1.8.0",
  "minecraft:entity": {
    "description": {
      "identifier": "bus:mobid",
      "is_spawnable": true,
      "is_summonable": true,
      "is_experimental": false
    },
    "components": {
      "minecraft:nameable": {
      },
      "minecraft:health": {
        "value": 20,
        "max": 20
      },
      "minecraft:breathable": {
        "totalSupply": 1,
        "suffocateTime": 0
      },
      "minecraft:collision_box": {
        "width": 2,
        "height": 3
      },
      "minecraft:loot": {
        "table": "loot_tables/entities/bus.json"
      },
      "minecraft:type_family": {
        "family": [ "bus" ]
      },
      "minecraft:fall_damage": {
        "value": 0.0
      },
      "minecraft:jump.static": {
      },
      "minecraft:behavior.float": {
        "priority": 0
      },
	    "minecraft:knockback_resistance": {
        "value": 1.0
      },
	    "minecraft:inventory": {
        "inventory_size": 27,
        "container_type": "container", 
        "private": false
      },
        "minecraft:rideable": {
          "seat_count": 20,
          "family_types": [
            "player"
          ],
          "interact_text": "乗車",
          "seats": [
           {
          "position": [ seet1 ],
          "min_rider_count": 1,
          "max_rider_count": 10
          },
          {
            "position": [ seet2 ],
            "min_rider_count": 2,
            "max_rider_count": 10
          },
         {
            "position": [ seet3 ],
            "min_rider_count": 3,
            "max_rider_count": 10
          },
         {
            "position": [ seet4 ],
            "min_rider_count": 4,
            "max_rider_count": 10
          },
         {
            "position": [ seet5 ],
            "min_rider_count": 5,
            "max_rider_count": 10
          },
         {
            "position": [ seet6 ],
            "min_rider_count": 6,
            "max_rider_count": 10
          },
         {
            "position": [ seet7 ],
            "min_rider_count": 7,
            "max_rider_count": 10
          },
         {
            "position": [ seet8 ],
            "min_rider_count": 8,
            "max_rider_count": 10
          },
         {
            "position": [ seet9 ],
            "min_rider_count": 9,
            "max_rider_count": 10
          },
         {
            "position": [ seet_10 ],
            "min_rider_count": 10,
            "max_rider_count": 10
          }
        ]
      },
      "minecraft:input_ground_controlled": {
      },
      "minecraft:movement": {
        "value": {
          "range_min": speed, 
          "range_max": speed
        }
      },
      "minecraft:navigation.walk": {
        "can_float": true
      },
      "minecraft:movement.basic": {        
      },
      "minecraft:can_climb": {
      },
      "minecraft:physics": {
      }
    }
  }
}